Pace VR Cover for Oculus Quest 2 - Sweat Absorbent (2 Pack), $22.00, https://m.media-amazon.com/images/I/815CPLi5SML._AC_UL320_.jpg
iPhone Earbuds Wired Lightning Headphones [Apple MFi Certified] Stereo Noise Canceling Isolating in Ear Headset with Built-in Microphone&Volume Control Compatible with iPhone 13 12 SE 11 X 8 7-All IOS, $7.99, https://m.media-amazon.com/images/I/41-HyN9AxcL._AC_UL320_.jpg
New X7K8W GEN14 3.5" HDD Tray Caddy for POWEREDGE Server R740 R740xd R7415 R940 R640 R6415, $9.89, https://m.media-amazon.com/images/I/61EZC7-ShpL._AC_UL320_.jpg
SZMYX 3.5 inch Drive Caddy with 2.5 inch HDD Adapter Compatible for 14th Dell PowerEdge Servers R240 R340 R440 R540 R640 R6415 R740 R740xd R740xd2 R6415 R7415 R7425 X7K8W, Null, https://m.media-amazon.com/images/I/61RIA8F1XNL._AC_UL320_.jpg
Pulse Chip Mod ACE V3 Chip with Improved Code Good Electric Component and Clear Circuit Layout Supports for X360 ACE V3, $11.59, https://m.media-amazon.com/images/I/61TmuxweYRL._AC_UL320_.jpg
XIAOGE Elite Strap for Oculus Quest 2 with Head Cushion & Mobile Power Fixing Bracket, Adjustable Comfortable Protective Head Strap Compatibly Multiple Sizes Powerbank, $19.99, https://m.media-amazon.com/images/I/51SyxeG+-7S._AC_UL320_.jpg
New X7K8W GEN14 3.5" HDD Tray Caddy for POWEREDGE Server R440 R740 R740xd R7415 R940 R640 R6415, $10.99, https://m.media-amazon.com/images/I/61G-nB41mML._AC_UL320_.jpg
Resilient Facial Cover Pad and Silicone Light Blockers Accessories for Oculus Quest 2,Breathable Sweat Foam Widen Face - Vent Soft Interface Bracket with Anti-Leakage Nose Pad, $19.97, https://m.media-amazon.com/images/I/61rwzVPRuFL._AC_UL320_.jpg
Chip for Bitmain Antminer S9, $14.00, https://m.media-amazon.com/images/I/21kcRsipy8L._AC_UL320_.jpg
Panduit S8222B9, $13.69, https://m.media-amazon.com/images/I/71KeWzf6vhL._AC_UL320_.jpg
Lenovo DCG X8 X8 X8ml2 Pcie Fh Riser1 Kit, $17.78, https://m.media-amazon.com/images/I/41VcF7MY0KL._AC_UL320_.jpg
HP SAS Internal Cable Kit - for ProLiant DL380 Gen9 785989-B21, $8.83, https://m.media-amazon.com/images/I/61KxDjOA7-L._AC_UL320_.jpg
Pulse Chip Mod ACE V3 Chip with Improved Code Good Electric Component and Clear Circuit Layout Supports for X360 ACE V3, $11.59, https://m.media-amazon.com/images/I/61TmuxweYRL._AC_UL320_.jpg
Dell Part # 0J0686,, Null, https://m.media-amazon.com/images/I/218t08a68RL._AC_UL320_.jpg
iStarUSA DD-300-SEA-RED 3U Compact Stylish Rack Mount Chassis with Sea Bezel - Red, $8.84, https://m.media-amazon.com/images/I/31kIxOj9X4L._AC_UL320_.jpg
HP Ribbon Cable 80WAY for PROLIANT, Null, https://m.media-amazon.com/images/I/71Xe6lVx0RL._AC_UL320_.jpg
412202-001:DL360 MULTIBAY MEDIA, Null, https://m.media-amazon.com/images/I/61zVmbXDL2L._AC_UL320_.jpg
IBM 4849KDF Windows Small Business Server 2011 (CD-ROM), $22.31, https://m.media-amazon.com/images/I/71nL4XUcG6L._AC_UL320_.jpg
HP 452698-B21 PCI-X Riser Kit FORDL160G5/DL165G5 Serial Port Card, $14.91, https://m.media-amazon.com/images/I/41foOQuFW2S._AC_UL320_.jpg
Zoom 36.6K Non-Upgradeable External Faxmodem for PC 2836-00-00, $18.18, https://m.media-amazon.com/images/I/91J-W9GCdJL._AC_UL320_.jpg
ARM,CAM-WIDE-P1-65 GRAM W/SET SCREW, $8.19, https://m.media-amazon.com/images/I/71HRHy3THeL._AC_UL320_.jpg
Arctic Cat 0746-694 ARM, CAM-WIDE-P1-63 GRAM W/SET SCREW, 3 Pack, $10.25, https://m.media-amazon.com/images/I/41l4eS4PscL._AC_UL320_.jpg
Panduit S6219BF, $13.37, https://m.media-amazon.com/images/I/51PAhu22CvL._AC_UL320_.jpg
Panduit N8522BYT, $17.16, https://m.media-amazon.com/images/I/41ogglUD7aL._AC_UL320_.jpg
Monoprice Blank Dcor Insert - White for Home,Office, Personal Install, $6.51, https://m.media-amazon.com/images/I/41EktNtOcUL._AC_UL320_.jpg
